filename,species,category,source,path,target_status,real_species,cross_species_note
Studies on insect diversity in jasmine (Jasminum sambac L.) ecosystem.pdf,Jasminum sambac,Cultivation,KrishiKosh,/content/drive/MyDrive/Jasmine_Documents/Jasminum_sambac/Studies on insect diversity in jasmine (Jasminum sambac L.) ecosystem.pdf,TARGET_SPECIES,Jasminum sambac,
Molecular diversity and function of jasmintides from Jasminum sambac.pdf,Jasminum sambac,Cultivation,KrishiKosh,/content/drive/MyDrive/Jasmine_Documents/Jasminum_sambac/Molecular diversity and function of jasmintides from Jasminum sambac.pdf,TARGET_SPECIES,Jasminum sambac,
Technology Adoption Behaviour of Jasmine Growers - A Critical Analysis.pdf,Jasminum sambac,Economics,KrishiKosh,/content/drive/MyDrive/Jasmine_Documents/Jasminum_sambac/Technology Adoption Behaviour of Jasmine Growers - A Critical Analysis.pdf,TARGET_SPECIES,Jasminum sambac,
Photosynthetic response to water stress and changes in metabolites in Jasminum sambac.pdf,Jasminum sambac,Irrigation,KrishiKosh,/content/drive/MyDrive/Jasmine_Documents/Jasminum_sambac/Photosynthetic response to water stress and changes in metabolites in Jasminum sambac.pdf,TARGET_SPECIES,Jasminum sambac,
A study on the effect of Zamzam water on the germination and growth of Jasminum sambac.pdf,Jasminum sambac,Cultivation,KrishiKosh,/content/drive/MyDrive/Jasmine_Documents/Jasminum_sambac/A study on the effect of Zamzam water on the germination and growth of Jasminum sambac.pdf,TARGET_SPECIES,Jasminum sambac,
ANALYSIS OF COMPETITIVENESS AND GOVERNMENT POLICIES ON INDONESIAN WHITE JASMINE (Jasminum sambac) FARMING.pdf,Jasminum sambac,Cultivation,KrishiKosh,/content/drive/MyDrive/Jasmine_Documents/Jasminum_sambac/ANALYSIS OF COMPETITIVENESS AND GOVERNMENT POLICIES ON INDONESIAN WHITE JASMINE (Jasminum sambac) FARMING.pdf,TARGET_SPECIES,Jasminum sambac,
Studies on floral morphology in different genotypes of Jasminum sambac.pdf,Jasminum sambac,Breeding,KrishiKosh,/content/drive/MyDrive/Jasmine_Documents/Jasminum_sambac/Studies on floral morphology in different genotypes of Jasminum sambac.pdf,TARGET_SPECIES,Jasminum sambac,
Synthesis of eco-friendly layered double hydroxide and nanoemulsion for jasmine and peppermint oils and their larvicidal activities against Culex pipiens Linnaeus.pdf,Jasminum sambac,Cultivation,KrishiKosh,/content/drive/MyDrive/Jasmine_Documents/Jasminum_sambac/Synthesis of eco-friendly layered double hydroxide and nanoemulsion for jasmine and peppermint oils and their larvicidal activities against Culex pipiens Linnaeus.pdf,TARGET_SPECIES,Jasminum sambac,
PENGARUH BERBAGAI ZAT PENGATUR TUMBUH ALAMI DAN ASAL STEK BATANG TERHADAP PERTUMBUHAN VEGETATIF BIBIT MELATI PUTIH (Jasminum sambac (L.) W. Ait.).pdf,Jasminum sambac,Cultivation,KrishiKosh,/content/drive/MyDrive/Jasmine_Documents/Jasminum_sambac/PENGARUH BERBAGAI ZAT PENGATUR TUMBUH ALAMI DAN ASAL STEK BATANG TERHADAP PERTUMBUHAN VEGETATIF BIBIT MELATI PUTIH (Jasminum sambac (L.) W. Ait.).pdf,TARGET_SPECIES,Jasminum sambac,
"Sambacolignoside, a new lignan-secoiridoid glucoside from Jasminum sambac..pdf",Jasminum sambac,Cultivation,KrishiKosh,"/content/drive/MyDrive/Jasmine_Documents/Jasminum_sambac/Sambacolignoside, a new lignan-secoiridoid glucoside from Jasminum sambac..pdf",TARGET_SPECIES,Jasminum sambac,
CHEMICAL PROFILE OF TWO JASMINUM SAMBAC L. (AIT) CULTIVARS CULTIVATED IN EGYPT–THEIR MEDIATED SILVER NANOPARTICLES SYNTHESIS AND SELECTIVE CYTOTOXICITY.pdf,Jasminum sambac,Cultivation,KrishiKosh,/content/drive/MyDrive/Jasmine_Documents/Jasminum_sambac/CHEMICAL PROFILE OF TWO JASMINUM SAMBAC L. (AIT) CULTIVARS CULTIVATED IN EGYPT–THEIR MEDIATED SILVER NANOPARTICLES SYNTHESIS AND SELECTIVE CYTOTOXICITY.pdf,TARGET_SPECIES,Jasminum sambac,
The jasmine ( Jasminum sambac ) genome and flower fragrances.pdf,Jasminum sambac,EssentialOil,KrishiKosh,/content/drive/MyDrive/Jasmine_Documents/Jasminum_sambac/The jasmine ( Jasminum sambac ) genome and flower fragrances.pdf,TARGET_SPECIES,Jasminum sambac,
"Bioecology of Jasmine Mite, Tetranychus urticae in Different Jasmine Cultivars.pdf",Multi-species (Cultivar Screen),Pest,KrishiKosh,"/content/drive/MyDrive/Jasmine_Documents/Jasminum_sambac/Bioecology of Jasmine Mite, Tetranychus urticae in Different Jasmine Cultivars.pdf",MULTI_SPECIES_COMPARATIVE,"Jasminum sambac, J. auriculatum, J. grandiflorum",Screening of mite susceptibility across multiple jasmine cultivars.
"Bioecology of Blossom Midge of Jasmine, Contarinia maculipennis Felt (Cecidomyiidae Diptera) in Different Jasminum Cultivars.pdf",Multi-species (Cultivar Screen),Pest,KrishiKosh,"/content/drive/MyDrive/Jasmine_Documents/Jasminum_sambac/Bioecology of Blossom Midge of Jasmine, Contarinia maculipennis Felt (Cecidomyiidae Diptera) in Different Jasminum Cultivars.pdf",MULTI_SPECIES_COMPARATIVE,"Jasminum sambac, J. auriculatum, J. grandiflorum",Screening of blossom midge susceptibility across multiple jasmine cultivars.
"Characterization of a potyvirus associated with yellow mosaic disease of jasmine (Jasminum sambac L.) in Andhra Pradesh, India.pdf",Jasminum sambac,Disease,KrishiKosh,"/content/drive/MyDrive/Jasmine_Documents/Jasminum_sambac/Characterization of a potyvirus associated with yellow mosaic disease of jasmine (Jasminum sambac L.) in Andhra Pradesh, India.pdf",TARGET_SPECIES,Jasminum sambac,
Morphological characterization of certain Jasminum sambac genotypes using principal component analysis.pdf,Jasminum sambac,Breeding,KrishiKosh,/content/drive/MyDrive/Jasmine_Documents/Jasminum_sambac/Morphological characterization of certain Jasminum sambac genotypes using principal component analysis.pdf,TARGET_SPECIES,Jasminum sambac,
Review on Main Active Substances and Functions in Jasminum Sambac (L.) Aiton.pdf,Jasminum sambac,Cultivation,KrishiKosh,/content/drive/MyDrive/Jasmine_Documents/Jasminum_sambac/Review on Main Active Substances and Functions in Jasminum Sambac (L.) Aiton.pdf,TARGET_SPECIES,Jasminum sambac,
Awareness Level of Geographical Indication (GI) on Madurai Malli.pdf,Jasminum sambac,Cultivation,KrishiKosh,/content/drive/MyDrive/Jasmine_Documents/Jasminum_sambac/Awareness Level of Geographical Indication (GI) on Madurai Malli.pdf,TARGET_SPECIES,Jasminum sambac,
Effect of Different Lengths of Cuttings on Percentage of Survival and Establishment of Jasmine (Jasminum sambac L.) var. Local.pdf,Jasminum sambac,Cultivation,KrishiKosh,/content/drive/MyDrive/Jasmine_Documents/Jasminum_sambac/Effect of Different Lengths of Cuttings on Percentage of Survival and Establishment of Jasmine (Jasminum sambac L.) var. Local.pdf,TARGET_SPECIES,Jasminum sambac,
Response of Growth and Flowering Characters of Jasminum sambac (L.) to Modified Planting System and Pruning Schedule.pdf,Jasminum sambac,Pruning,KrishiKosh,/content/drive/MyDrive/Jasmine_Documents/Jasminum_sambac/Response of Growth and Flowering Characters of Jasminum sambac (L.) to Modified Planting System and Pruning Schedule.pdf,TARGET_SPECIES,Jasminum sambac,
Crop diversification for sustainable management of two spotted mite (Tetranychus urticae koch) of jasmine (Jasminum sambac L.).pdf,Jasminum sambac,Pest,KrishiKosh,/content/drive/MyDrive/Jasmine_Documents/Jasminum_sambac/Crop diversification for sustainable management of two spotted mite (Tetranychus urticae koch) of jasmine (Jasminum sambac L.).pdf,TARGET_SPECIES,Jasminum sambac,
Year around Flowering Strategy for Jasminum sambac L..pdf,Jasminum sambac,Pruning,KrishiKosh,/content/drive/MyDrive/Jasmine_Documents/Jasminum_sambac/Year around Flowering Strategy for Jasminum sambac L..pdf,TARGET_SPECIES,Jasminum sambac,
Impact of timely application of fertilizers on yield and economics of Jasmine (Jasminum sambac L.).pdf,Jasminum sambac,Nutrition,KrishiKosh,/content/drive/MyDrive/Jasmine_Documents/Jasminum_sambac/Impact of timely application of fertilizers on yield and economics of Jasmine (Jasminum sambac L.).pdf,TARGET_SPECIES,Jasminum sambac,
Effect of different level and time of pruning on growth and flowering in Mogra (Jasminum sambac) var. Local.pdf,Jasminum sambac,Pruning,KrishiKosh,/content/drive/MyDrive/Jasmine_Documents/Jasminum_sambac/Effect of different level and time of pruning on growth and flowering in Mogra (Jasminum sambac) var. Local.pdf,TARGET_SPECIES,Jasminum sambac,
Synergistic effect of endophytic bacteria and potassium solubilizing bacteria on plant growth and flowering of Jasminum sambac (L.) Ait..pdf,Jasminum sambac,Cultivation,KrishiKosh,/content/drive/MyDrive/Jasmine_Documents/Jasminum_sambac/Synergistic effect of endophytic bacteria and potassium solubilizing bacteria on plant growth and flowering of Jasminum sambac (L.) Ait..pdf,TARGET_SPECIES,Jasminum sambac,
"Effect of different plant growth regulators on the growth, flowering, flower yield and quality of Jasmine (Jasminum sambac) under Prayagraj agro climatic conditions.pdf",Jasminum sambac,Cultivation,KrishiKosh,"/content/drive/MyDrive/Jasmine_Documents/Jasminum_sambac/Effect of different plant growth regulators on the growth, flowering, flower yield and quality of Jasmine (Jasminum sambac) under Prayagraj agro climatic conditions.pdf",TARGET_SPECIES,Jasminum sambac,
Yield and cost economics of Jasminum sambac Cv. Mysuru Mallige as influenced by fertigation along with a foliar spray of micronutrients.pdf,Jasminum sambac,Nutrition,KrishiKosh,/content/drive/MyDrive/Jasmine_Documents/Jasminum_sambac/Yield and cost economics of Jasminum sambac Cv. Mysuru Mallige as influenced by fertigation along with a foliar spray of micronutrients.pdf,TARGET_SPECIES,Jasminum sambac,
Stability analysis of nutrient scheduling for lean season flowering in Arabian jasmine (Jasminum sambac).pdf,Jasminum sambac,Nutrition,KrishiKosh,/content/drive/MyDrive/Jasmine_Documents/Jasminum_sambac/Stability analysis of nutrient scheduling for lean season flowering in Arabian jasmine (Jasminum sambac).pdf,TARGET_SPECIES,Jasminum sambac,
Studies on integrated nutrient management for growth and yield of Jasminum sambac Ait. CV. Ramanathapuram gundumalli during off season.pdf,Jasminum sambac,Pruning,KrishiKosh,/content/drive/MyDrive/Jasmine_Documents/Jasminum_sambac/Studies on integrated nutrient management for growth and yield of Jasminum sambac Ait. CV. Ramanathapuram gundumalli during off season.pdf,TARGET_SPECIES,Jasminum sambac,
"Effect ofNPKand organic manures on plant growth, flower yield and flower quality parameters of jasmine (Jasminum sambac) var. Double mogra.pdf",Jasminum sambac,Nutrition,KrishiKosh,"/content/drive/MyDrive/Jasmine_Documents/Jasminum_sambac/Effect ofNPKand organic manures on plant growth, flower yield and flower quality parameters of jasmine (Jasminum sambac) var. Double mogra.pdf",TARGET_SPECIES,Jasminum sambac,
Efficacy of different growing media composition on growth and survivability of Jasmine (Jasminum sambac L.) cutting.pdf,Jasminum sambac,Cultivation,KrishiKosh,/content/drive/MyDrive/Jasmine_Documents/Jasminum_sambac/Efficacy of different growing media composition on growth and survivability of Jasmine (Jasminum sambac L.) cutting.pdf,TARGET_SPECIES,Jasminum sambac,
Microwave Extraction of Essential Oils from Jasminum Sambac Flowers.pdf,Jasminum sambac,EssentialOil,KrishiKosh,/content/drive/MyDrive/Jasmine_Documents/Jasminum_sambac/Microwave Extraction of Essential Oils from Jasminum Sambac Flowers.pdf,TARGET_SPECIES,Jasminum sambac,
SYNCHRONIZING BLOOMING WITH MARKET DEMAND CROP REGULATION IN COMMERCIAL FLOWER CROPS.pdf,Jasminum sambac,Cultivation,KrishiKosh,/content/drive/MyDrive/Jasmine_Documents/Jasminum_sambac/SYNCHRONIZING BLOOMING WITH MARKET DEMAND CROP REGULATION IN COMMERCIAL FLOWER CROPS.pdf,TARGET_SPECIES,Jasminum sambac,
Effect of Plant Growth Regulators on Growth and Flower Yield of Jasmine (Jasminum nitidum) c.v CO-1 (Star Jasmine).pdf,Jasminum nitidum,Cultivation,KrishiKosh,/content/drive/MyDrive/Jasmine_Documents/Jasminum_sambac/Effect of Plant Growth Regulators on Growth and Flower Yield of Jasmine (Jasminum nitidum) c.v CO-1 (Star Jasmine).pdf,EXCLUDED_FROM_TARGET_SPECIES,Jasminum nitidum Skan,Jasminum nitidum PGR trial. Excluded from target species.
Enhancing shelf life and freshness retention in jasmine flowers (Jasminum multiflorum L.) through Post-harvest chemical treatments.pdf,Jasminum multiflorum,PostHarvest,KrishiKosh,/content/drive/MyDrive/Jasmine_Documents/Jasminum_sambac/Enhancing shelf life and freshness retention in jasmine flowers (Jasminum multiflorum L.) through Post-harvest chemical treatments.pdf,EXCLUDED_FROM_TARGET_SPECIES,Jasminum multiflorum (Burm. f.) Andrews,Jasminum multiflorum postharvest chemical treatment study. Excluded from target species.
Studies on the effect of pre-treatment and packaging material on shelf-life Jasmine (Jasminum sambac) cv. Gundumalli.pdf,Jasminum sambac,PostHarvest,KrishiKosh,/content/drive/MyDrive/Jasmine_Documents/Jasminum_sambac/Studies on the effect of pre-treatment and packaging material on shelf-life Jasmine (Jasminum sambac) cv. Gundumalli.pdf,TARGET_SPECIES,Jasminum sambac,
Effect of pruning and application of growth regulators on growth and flower characteristics of jasmine (Jasminum sambac (L.) Aiton) during off-season flower production under polyho.pdf,Jasminum sambac,Pruning,KrishiKosh,/content/drive/MyDrive/Jasmine_Documents/Jasminum_sambac/Effect of pruning and application of growth regulators on growth and flower characteristics of jasmine (Jasminum sambac (L.) Aiton) during off-season flower production under polyho.pdf,TARGET_SPECIES,Jasminum sambac,
Standardization of pruning month and growth regulators application on flower quality characteristics of jasmine (Jasminum sambac (L.) aiton) during off season flower production und.pdf,Jasminum sambac,Pruning,KrishiKosh,/content/drive/MyDrive/Jasmine_Documents/Jasminum_sambac/Standardization of pruning month and growth regulators application on flower quality characteristics of jasmine (Jasminum sambac (L.) aiton) during off season flower production und.pdf,TARGET_SPECIES,Jasminum sambac,
Effect of growth regulators and micronutrients on flowering and yield of jasmine.pdf,Jasminum sambac,Nutrition,KrishiKosh,/content/drive/MyDrive/Jasmine_Documents/Jasminum_sambac/Effect of growth regulators and micronutrients on flowering and yield of jasmine.pdf,TARGET_SPECIES,Jasminum sambac,
The effect of naftalene acetic acid (NAA) on growth and essential oil contents of jasmine callus (Jasminum sambac (L.) Ait.).pdf,Jasminum sambac,EssentialOil,KrishiKosh,/content/drive/MyDrive/Jasmine_Documents/Jasminum_sambac/The effect of naftalene acetic acid (NAA) on growth and essential oil contents of jasmine callus (Jasminum sambac (L.) Ait.).pdf,TARGET_SPECIES,Jasminum sambac,
Seasonal Incidence of Major Insect and Mite Pests of Jasmine.pdf,Jasminum sambac,Pest,KrishiKosh,/content/drive/MyDrive/Jasmine_Documents/Jasminum_sambac/Seasonal Incidence of Major Insect and Mite Pests of Jasmine.pdf,TARGET_SPECIES,Jasminum sambac,
Studies on pest complex and seasonal incidence of major pests of Jasminum sambac cv. Mysuru Mallige.pdf,Jasminum sambac,Pest,KrishiKosh,/content/drive/MyDrive/Jasmine_Documents/Jasminum_sambac/Studies on pest complex and seasonal incidence of major pests of Jasminum sambac cv. Mysuru Mallige.pdf,TARGET_SPECIES,Jasminum sambac,
Alluring response of the parasitoid Phanerotoma hendecasiella Cam to synomones from Hendecasis duplifascialis Hampson-infested jasmine (Jasminum sambac L.) buds and compound identi.pdf,Jasminum sambac,Cultivation,KrishiKosh,/content/drive/MyDrive/Jasmine_Documents/Jasminum_sambac/Alluring response of the parasitoid Phanerotoma hendecasiella Cam to synomones from Hendecasis duplifascialis Hampson-infested jasmine (Jasminum sambac L.) buds and compound identi.pdf,TARGET_SPECIES,Jasminum sambac,
"Influence of abiotic factors on major insect and mite pests of jasmine, Jasminum sambac L.pdf",Jasminum sambac,Pest,KrishiKosh,"/content/drive/MyDrive/Jasmine_Documents/Jasminum_sambac/Influence of abiotic factors on major insect and mite pests of jasmine, Jasminum sambac L.pdf",TARGET_SPECIES,Jasminum sambac,
"Check list of Eriophyoidea Nalepa (Acari Prostigmata) mites from Tamil Nadu, India.pdf",Jasminum sambac,Pest,KrishiKosh,"/content/drive/MyDrive/Jasmine_Documents/Jasminum_sambac/Check list of Eriophyoidea Nalepa (Acari Prostigmata) mites from Tamil Nadu, India.pdf",TARGET_SPECIES,Jasminum sambac,
"Evaluation of biocontrol agents, fungicides and organic amendments against sclerotium wilt (Sclerotium rolfsii Sacc) of jasmine (Jasminum sambac (L.) Aiton).pdf",Jasminum sambac,Disease,KrishiKosh,"/content/drive/MyDrive/Jasmine_Documents/Jasminum_sambac/Evaluation of biocontrol agents, fungicides and organic amendments against sclerotium wilt (Sclerotium rolfsii Sacc) of jasmine (Jasminum sambac (L.) Aiton).pdf",TARGET_SPECIES,Jasminum sambac,
Packaging Technology for Extending Shelf Life of Jasmine (Jasminum sambac CV. Gundumalli) Flowers.pdf,Jasminum sambac,PostHarvest,KrishiKosh,/content/drive/MyDrive/Jasmine_Documents/Jasminum_sambac/Packaging Technology for Extending Shelf Life of Jasmine (Jasminum sambac CV. Gundumalli) Flowers.pdf,TARGET_SPECIES,Jasminum sambac,
Physiological Changes during Flower Petal Developmental Stages of Jasminum sambac cv. Ramanathapuram Gundumalli.pdf,Jasminum sambac,Cultivation,KrishiKosh,/content/drive/MyDrive/Jasmine_Documents/Jasminum_sambac/Physiological Changes during Flower Petal Developmental Stages of Jasminum sambac cv. Ramanathapuram Gundumalli.pdf,TARGET_SPECIES,Jasminum sambac,
Standardization of Eco-Friendly Retail Packages for Freshness Retention and Shelf Life Extension of Jasmine Flower.pdf,Jasminum sambac,PostHarvest,KrishiKosh,/content/drive/MyDrive/Jasmine_Documents/Jasminum_sambac/Standardization of Eco-Friendly Retail Packages for Freshness Retention and Shelf Life Extension of Jasmine Flower.pdf,TARGET_SPECIES,Jasminum sambac,
"Assessment of Qualitative, Quantitative and Visual Flower Quality Parameters of Certain Commercial Jasmine Varieties during Peak Flowering Season.pdf",Jasminum sambac,Variety,KrishiKosh,"/content/drive/MyDrive/Jasmine_Documents/Jasminum_sambac/Assessment of Qualitative, Quantitative and Visual Flower Quality Parameters of Certain Commercial Jasmine Varieties during Peak Flowering Season.pdf",TARGET_SPECIES,Jasminum sambac,
"Development of Regional Crop Simulation Modeling for Jasmine under the Purview of Climate Change A Perspective from Tamil Nadu, India.pdf",Jasminum sambac,Cultivation,KrishiKosh,"/content/drive/MyDrive/Jasmine_Documents/Jasminum_sambac/Development of Regional Crop Simulation Modeling for Jasmine under the Purview of Climate Change A Perspective from Tamil Nadu, India.pdf",TARGET_SPECIES,Jasminum sambac,
Influence of postharvest treatments on quality and shelf life of flowers of Jasminum sambac cv. Gundumalli.pdf,Jasminum sambac,PostHarvest,KrishiKosh,/content/drive/MyDrive/Jasmine_Documents/Jasminum_sambac/Influence of postharvest treatments on quality and shelf life of flowers of Jasminum sambac cv. Gundumalli.pdf,TARGET_SPECIES,Jasminum sambac,
Genetic analysis in pink and white flower mutants of royal jasmine (Jasminum grandiflorum L.).pdf,Jasminum grandiflorum,Breeding,KrishiKosh,/content/drive/MyDrive/Jasmine_Documents/Jasminum_sambac/Genetic analysis in pink and white flower mutants of royal jasmine (Jasminum grandiflorum L.).pdf,EXCLUDED_FROM_TARGET_SPECIES,Jasminum grandiflorum L.,Jasminum grandiflorum study on flower mutants. Excluded from target species.
Evaluation of mycelium foam packaging for quality preservation of Jasminum sambac (L.) Aiton during long-distance transport.pdf,Jasminum sambac,PostHarvest,KrishiKosh,/content/drive/MyDrive/Jasmine_Documents/Jasminum_sambac/Evaluation of mycelium foam packaging for quality preservation of Jasminum sambac (L.) Aiton during long-distance transport.pdf,TARGET_SPECIES,Jasminum sambac,
Effect of pruning dates and micronutrient strengths on leaf physiological parameters in jasmine.pdf,Jasminum sambac,Pruning,KrishiKosh,/content/drive/MyDrive/Jasmine_Documents/Jasminum_sambac/Effect of pruning dates and micronutrient strengths on leaf physiological parameters in jasmine.pdf,TARGET_SPECIES,Jasminum sambac,
"Influence of Certain Chemicals on Flower Induction Flowering, Quality and Yield in Jasmine (Jasminum sambac. L.).pdf",Jasminum sambac,Cultivation,KrishiKosh,"/content/drive/MyDrive/Jasmine_Documents/Jasminum_sambac/Influence of Certain Chemicals on Flower Induction Flowering, Quality and Yield in Jasmine (Jasminum sambac. L.).pdf",TARGET_SPECIES,Jasminum sambac,
"Comparative morphological, sensory and Gas Chromatography-Mass Spectrometry evaluation of three Jasminum auriculatum genotypes for floriculture and perfumery applications.pdf",Jasminum auriculatum,Breeding,KrishiKosh,"/content/drive/MyDrive/Jasmine_Documents/Jasminum_sambac/Comparative morphological, sensory and Gas Chromatography-Mass Spectrometry evaluation of three Jasminum auriculatum genotypes for floriculture and perfumery applications.pdf",TARGET_SPECIES,Jasminum auriculatum Vahl.,Genotype evaluation in Jasminum auriculatum for floriculture and perfumery.
ASSESSMENT OF PRUNING COMBINED WITH CHEMICAL DEFOLIATION FOR IMPROVED FLOWER PRODUCTION IN JASMINUM SAMBAC.pdf,Jasminum sambac,Pruning,KrishiKosh,/content/drive/MyDrive/Jasmine_Documents/Jasminum_sambac/ASSESSMENT OF PRUNING COMBINED WITH CHEMICAL DEFOLIATION FOR IMPROVED FLOWER PRODUCTION IN JASMINUM SAMBAC.pdf,TARGET_SPECIES,Jasminum sambac,
Effect of hexanal and boric acid on shelf life of jasmine (Jasminum sambac Ait. cv. Gundumalli) flower.pdf,Jasminum sambac,PostHarvest,KrishiKosh,/content/drive/MyDrive/Jasmine_Documents/Jasminum_sambac/Effect of hexanal and boric acid on shelf life of jasmine (Jasminum sambac Ait. cv. Gundumalli) flower.pdf,TARGET_SPECIES,Jasminum sambac,
99208634ab8f.pdf,Multi-species (Cultivar Screen),Pest,KrishiKosh,/content/drive/MyDrive/Jasmine_Documents/Jasminum_sambac/99208634ab8f.pdf,MULTI_SPECIES_COMPARATIVE,"Jasminum sambac, J. auriculatum, J. grandiflorum",Screening of blossom midge susceptibility across multiple jasmine cultivars (hash duplicate).
137ae3f9cb60.pdf,Multi-species (Cultivar Screen),Pest,KrishiKosh,/content/drive/MyDrive/Jasmine_Documents/Jasminum_sambac/137ae3f9cb60.pdf,MULTI_SPECIES_COMPARATIVE,"Jasminum sambac, J. auriculatum, J. grandiflorum",Screening of mite susceptibility across multiple jasmine cultivars (hash duplicate).
0ea50a103c70.pdf,Jasminum sambac,Cultivation,KrishiKosh,/content/drive/MyDrive/Jasmine_Documents/Jasminum_sambac/0ea50a103c70.pdf,TARGET_SPECIES,Jasminum sambac,
18f5b678d930.pdf,Jasminum sambac,Cultivation,KrishiKosh,/content/drive/MyDrive/Jasmine_Documents/Jasminum_sambac/18f5b678d930.pdf,TARGET_SPECIES,Jasminum sambac,
11b4a0087eb2.pdf,Jasminum sambac,Cultivation,KrishiKosh,/content/drive/MyDrive/Jasmine_Documents/Jasminum_sambac/11b4a0087eb2.pdf,TARGET_SPECIES,Jasminum sambac,
5867ca46bf88.pdf,Jasminum sambac,Cultivation,KrishiKosh,/content/drive/MyDrive/Jasmine_Documents/Jasminum_sambac/5867ca46bf88.pdf,TARGET_SPECIES,Jasminum sambac,
61ebaa6ee3fb.pdf,Jasminum auriculatum,EssentialOil,KrishiKosh,/content/drive/MyDrive/Jasmine_Documents/Jasminum_sambac/61ebaa6ee3fb.pdf,TARGET_SPECIES,Jasminum auriculatum Vahl.,Volatile compounds from concrete of Jasminum auriculatum.
b4eaca78124e.pdf,Jasminum grandiflorum,EssentialOil,KrishiKosh,/content/drive/MyDrive/Jasmine_Documents/Jasminum_sambac/b4eaca78124e.pdf,EXCLUDED_FROM_TARGET_SPECIES,Jasminum grandiflorum L.,Jasminum grandiflorum concrete volatile compound analysis (hash duplicate). Excluded from target species.
66566aec9cbe.pdf,Jasminum multiflorum,EssentialOil,KrishiKosh,/content/drive/MyDrive/Jasmine_Documents/Jasminum_sambac/66566aec9cbe.pdf,EXCLUDED_FROM_TARGET_SPECIES,Jasminum multiflorum (Burm. f.) Andrews,Jasminum multiflorum concrete volatile analysis (hash duplicate). Excluded from target species.
30a848b659e7.pdf,Jasminum grandiflorum,PostHarvest,KrishiKosh,/content/drive/MyDrive/Jasmine_Documents/Jasminum_sambac/30a848b659e7.pdf,EXCLUDED_FROM_TARGET_SPECIES,Jasminum grandiflorum L.,Postharvest fragrance retention in Jasminum grandiflorum (TNAU). Excluded from target species.
1baa2401a95a.pdf,Jasminum grandiflorum,Breeding,KrishiKosh,/content/drive/MyDrive/Jasmine_Documents/Jasminum_sambac/1baa2401a95a.pdf,EXCLUDED_FROM_TARGET_SPECIES,Jasminum grandiflorum L.,Jasminum grandiflorum study on flower mutants (hash duplicate). Excluded from target species.
1c8ac393d787.pdf,Jasminum sambac,Cultivation,KrishiKosh,/content/drive/MyDrive/Jasmine_Documents/Jasminum_sambac/1c8ac393d787.pdf,TARGET_SPECIES,Jasminum sambac,
70d509ef5028.pdf,Jasminum sambac,Cultivation,KrishiKosh,/content/drive/MyDrive/Jasmine_Documents/Jasminum_sambac/70d509ef5028.pdf,TARGET_SPECIES,Jasminum sambac,
86f973c4023a.pdf,Jasminum sambac,Cultivation,KrishiKosh,/content/drive/MyDrive/Jasmine_Documents/Jasminum_sambac/86f973c4023a.pdf,TARGET_SPECIES,Jasminum sambac,
236d53e5aa13.pdf,Jasminum sambac,Cultivation,KrishiKosh,/content/drive/MyDrive/Jasmine_Documents/Jasminum_sambac/236d53e5aa13.pdf,TARGET_SPECIES,Jasminum sambac,
50d82fa5105f.pdf,Jasminum sambac,Cultivation,KrishiKosh,/content/drive/MyDrive/Jasmine_Documents/Jasminum_sambac/50d82fa5105f.pdf,TARGET_SPECIES,Jasminum sambac,
3642d9beb4f0.pdf,Jasminum sambac,Cultivation,KrishiKosh,/content/drive/MyDrive/Jasmine_Documents/Jasminum_sambac/3642d9beb4f0.pdf,TARGET_SPECIES,Jasminum sambac,
6e8093418f29.pdf,Jasminum sambac,Cultivation,KrishiKosh,/content/drive/MyDrive/Jasmine_Documents/Jasminum_sambac/6e8093418f29.pdf,TARGET_SPECIES,Jasminum sambac,
d8593abe1114.pdf,Jasminum sambac,Cultivation,KrishiKosh,/content/drive/MyDrive/Jasmine_Documents/Jasminum_sambac/d8593abe1114.pdf,TARGET_SPECIES,Jasminum sambac,
08baa2a76c10.pdf,Jasminum auriculatum,Breeding,KrishiKosh,/content/drive/MyDrive/Jasmine_Documents/Jasminum_sambac/08baa2a76c10.pdf,TARGET_SPECIES,Jasminum auriculatum Vahl.,Chemical mutagenesis in Jasminum auriculatum ecotype Muthu Mullai.
93f4c3cd91d5.pdf,Jasminum sambac,Cultivation,KrishiKosh,/content/drive/MyDrive/Jasmine_Documents/Jasminum_sambac/93f4c3cd91d5.pdf,TARGET_SPECIES,Jasminum sambac,
1b6b0f27ced8.pdf,Jasminum sambac,Cultivation,KrishiKosh,/content/drive/MyDrive/Jasmine_Documents/Jasminum_sambac/1b6b0f27ced8.pdf,TARGET_SPECIES,Jasminum sambac,
0085a19a7bad.pdf,Jasminum sambac,Cultivation,KrishiKosh,/content/drive/MyDrive/Jasmine_Documents/Jasminum_sambac/0085a19a7bad.pdf,TARGET_SPECIES,Jasminum sambac,
21b91c69c644.pdf,Jasminum sambac,Cultivation,KrishiKosh,/content/drive/MyDrive/Jasmine_Documents/Jasminum_sambac/21b91c69c644.pdf,TARGET_SPECIES,Jasminum sambac,
422f2ef86a93.pdf,Jasminum sambac,Cultivation,KrishiKosh,/content/drive/MyDrive/Jasmine_Documents/Jasminum_sambac/422f2ef86a93.pdf,TARGET_SPECIES,Jasminum sambac,
c9ebb1b48b53.pdf,Jasminum sambac,Cultivation,KrishiKosh,/content/drive/MyDrive/Jasmine_Documents/Jasminum_sambac/c9ebb1b48b53.pdf,TARGET_SPECIES,Jasminum sambac,
3dac861c1934.pdf,Jasminum sambac,Cultivation,KrishiKosh,/content/drive/MyDrive/Jasmine_Documents/Jasminum_sambac/3dac861c1934.pdf,TARGET_SPECIES,Jasminum sambac,
content.pdf,Jasminum auriculatum,Nutrition,KrishiKosh,/content/drive/MyDrive/Jasmine_Documents/Jasminum_sambac/content.pdf,TARGET_SPECIES,Jasminum auriculatum Vahl.,Response of Jasminum auriculatum to biofertilizer application (UAS Dharwad).
th9706.pdf,Jasminum auriculatum,Nutrition,KrishiKosh,/content/drive/MyDrive/Jasmine_Documents/Jasminum_sambac/th9706.pdf,TARGET_SPECIES,Jasminum auriculatum Vahl.,Response of Jasminum auriculatum to biofertilizer application (UAS Dharwad).
PDKV-159501.pdf,Jasminum sambac,Cultivation,KrishiKosh,/content/drive/MyDrive/Jasmine_Documents/Jasminum_sambac/PDKV-159501.pdf,TARGET_SPECIES,Jasminum sambac,
Th-5828.pdf,Jasminum sambac,Cultivation,KrishiKosh,/content/drive/MyDrive/Jasmine_Documents/Jasminum_sambac/Th-5828.pdf,TARGET_SPECIES,Jasminum sambac,
th8471.pdf,Jasminum sambac,Cultivation,KrishiKosh,/content/drive/MyDrive/Jasmine_Documents/Jasminum_sambac/th8471.pdf,TARGET_SPECIES,Jasminum sambac,
T06926.pdf,Jasminum sambac,Cultivation,KrishiKosh,/content/drive/MyDrive/Jasmine_Documents/Jasminum_sambac/T06926.pdf,TARGET_SPECIES,Jasminum sambac,
M-000273..RHM2018-33..Punnam Akanksha.pdf,Jasminum sambac,Cultivation,KrishiKosh,/content/drive/MyDrive/Jasmine_Documents/Jasminum_sambac/M-000273..RHM2018-33..Punnam Akanksha.pdf,TARGET_SPECIES,Jasminum sambac,
TH-4900.pdf,Jasminum sambac,Cultivation,KrishiKosh,/content/drive/MyDrive/Jasmine_Documents/Jasminum_sambac/TH-4900.pdf,TARGET_SPECIES,Jasminum sambac,
Full Thesis_31816.pdf,Jasminum sambac,Cultivation,KrishiKosh,/content/drive/MyDrive/Jasmine_Documents/Jasminum_sambac/Full Thesis_31816.pdf,TARGET_SPECIES,Jasminum sambac Ait. Cv. 'Double Mogra',"Jasminum sambac thesis on spacing and nitrogen levels on Double Mogra (Gujarat Agricultural University, 2000)."
Thesis.pdf,Jasminum sambac,Cultivation,KrishiKosh,/content/drive/MyDrive/Jasmine_Documents/Jasminum_sambac/Thesis.pdf,TARGET_SPECIES,Jasminum sambac,
"KALAIYARASI, A..pdf",Jasminum sambac,Cultivation,KrishiKosh,"/content/drive/MyDrive/Jasmine_Documents/Jasminum_sambac/KALAIYARASI, A..pdf",TARGET_SPECIES,Jasminum sambac,
TH-8077.pdf,Jasminum sambac,Cultivation,KrishiKosh,/content/drive/MyDrive/Jasmine_Documents/Jasminum_sambac/TH-8077.pdf,TARGET_SPECIES,Jasminum sambac,
Th-5690.pdf,Multi-species (J. auriculatum & J. grandiflorum),PostHarvest,KrishiKosh,/content/drive/MyDrive/Jasmine_Documents/Jasminum_sambac/Th-5690.pdf,MULTI_SPECIES_COMPARATIVE,Jasminum auriculatum Vahl. & Jasminum grandiflorum Linn.,Comparative packaging of chemically treated flowers of J. auriculatum and J. grandiflorum for shelf life extension (UAS Bangalore).
"Pavithra, S..pdf",Jasminum sambac,Cultivation,KrishiKosh,"/content/drive/MyDrive/Jasmine_Documents/Jasminum_sambac/Pavithra, S..pdf",TARGET_SPECIES,Jasminum sambac,
TH-2695.pdf,Jasminum sambac,Cultivation,KrishiKosh,/content/drive/MyDrive/Jasmine_Documents/Jasminum_sambac/TH-2695.pdf,TARGET_SPECIES,Jasminum sambac,
ROOPINI GA REDDY.pdf,Jasminum multiflorum,Pest,KrishiKosh,/content/drive/MyDrive/Jasmine_Documents/Jasminum_sambac/ROOPINI GA REDDY.pdf,EXCLUDED_FROM_TARGET_SPECIES,Jasminum multiflorum (Burm. f.) Andrews,Jasminum multiflorum pest management and bud borer complex (UHS Bagalkot). Excluded from target species.
th8819.pdf,Jasminum auriculatum,Pruning,KrishiKosh,/content/drive/MyDrive/Jasmine_Documents/Jasminum_sambac/th8819.pdf,TARGET_SPECIES,Jasminum auriculatum Vahl.,"Hormonal regulation of growth, yield and off-season flowering in Jasminum auriculatum (UAS Dharwad)."
TH-3594.pdf,Jasminum sambac,Cultivation,KrishiKosh,/content/drive/MyDrive/Jasmine_Documents/Jasminum_sambac/TH-3594.pdf,TARGET_SPECIES,Jasminum sambac,
TH-2041.pdf,Jasminum sambac,Cultivation,KrishiKosh,/content/drive/MyDrive/Jasmine_Documents/Jasminum_sambac/TH-2041.pdf,TARGET_SPECIES,Jasminum sambac,
Th-5550.pdf,Multi-species (Jasminum spp.),Breeding,KrishiKosh,/content/drive/MyDrive/Jasmine_Documents/Jasminum_sambac/Th-5550.pdf,MULTI_SPECIES_COMPARATIVE,Jasminum spp. (Multiple Cultivars),Molecular marker characterisation across Jasminum species cultivars (UAS Bangalore).
Total thesis.pdf,Jasminum sambac,Cultivation,KrishiKosh,/content/drive/MyDrive/Jasmine_Documents/Jasminum_sambac/Total thesis.pdf,TARGET_SPECIES,Jasminum sambac,
171574.pdf,Jasminum sambac,Cultivation,KrishiKosh,/content/drive/MyDrive/Jasmine_Documents/Jasminum_sambac/171574.pdf,TARGET_SPECIES,Jasminum sambac,
Th-5909.pdf,Jasminum sambac,Cultivation,KrishiKosh,/content/drive/MyDrive/Jasmine_Documents/Jasminum_sambac/Th-5909.pdf,TARGET_SPECIES,Jasminum sambac,
TH-3583.pdf,Jasminum grandiflorum,Cultivation,KrishiKosh,/content/drive/MyDrive/Jasmine_Documents/Jasminum_sambac/TH-3583.pdf,EXCLUDED_FROM_TARGET_SPECIES,Jasminum grandiflorum L.,"Jasminum grandiflorum thesis on plant population and nitrogen (UAS Dharwad, 1992). Excluded from target species J. sambac."
PHM_PHTRM0210184_PHM of FVF_Sawant Siddhi Kiran_T07610.pdf,Michelia champaca,PostHarvest,KrishiKosh,/content/drive/MyDrive/Jasmine_Documents/Jasminum_sambac/PHM_PHTRM0210184_PHM of FVF_Sawant Siddhi Kiran_T07610.pdf,EXCLUDED_FROM_TARGET_SPECIES,Michelia champaca L.,"Postharvest study on Champaca (Magnoliaceae, non-jasmine). Excluded from target species."
Th10859.pdf,Jasminum sambac,Cultivation,KrishiKosh,/content/drive/MyDrive/Jasmine_Documents/Jasminum_sambac/Th10859.pdf,TARGET_SPECIES,Jasminum sambac,
"Varsha, A. P..pdf",Jasminum multiflorum,Nutrition,KrishiKosh,"/content/drive/MyDrive/Jasmine_Documents/Jasminum_sambac/Varsha, A. P..pdf",EXCLUDED_FROM_TARGET_SPECIES,Jasminum multiflorum (Burm. f.) Andrews,"Jasminum multiflorum (Kakada) thesis on fertigation schedule and micronutrients (UHS Bagalkot, 2015). Excluded from target species J. sambac."
D3665.pdf,Jasminum sambac,Cultivation,KrishiKosh,/content/drive/MyDrive/Jasmine_Documents/Jasminum_sambac/D3665.pdf,TARGET_SPECIES,Jasminum sambac,
preethi compelled.pdf,Jasminum sambac,Cultivation,KrishiKosh,/content/drive/MyDrive/Jasmine_Documents/Jasminum_sambac/preethi compelled.pdf,TARGET_SPECIES,Jasminum sambac,
T1111.pdf,Jasminum auriculatum,Pest,KrishiKosh,/content/drive/MyDrive/Jasmine_Documents/Jasminum_sambac/T1111.pdf,TARGET_SPECIES,Jasminum auriculatum Vahl.,Seasonal incidence and IPM strategy for erineum mite on Jasminum auriculatum (TNAU).
172745.pdf,Jasminum sambac,Cultivation,KrishiKosh,/content/drive/MyDrive/Jasmine_Documents/Jasminum_sambac/172745.pdf,TARGET_SPECIES,Jasminum sambac,
D350.pdf,Jasminum grandiflorum,Irrigation,KrishiKosh,/content/drive/MyDrive/Jasmine_Documents/Jasminum_sambac/D350.pdf,EXCLUDED_FROM_TARGET_SPECIES,Jasminum grandiflorum var. CO. 2,"Jasminum grandiflorum PhD dissertation on drip irrigation and fertigation techniques (TNAU Coimbatore, 2007). Excluded from target species J. sambac."
T-2044.pdf,Jasminum sambac,Cultivation,KrishiKosh,/content/drive/MyDrive/Jasmine_Documents/Jasminum_sambac/T-2044.pdf,TARGET_SPECIES,Jasminum sambac,
Selvi_BSenthamizh-156076.pdf,Jasminum sambac,Cultivation,KrishiKosh,/content/drive/MyDrive/Jasmine_Documents/Jasminum_sambac/Selvi_BSenthamizh-156076.pdf,TARGET_SPECIES,Jasminum sambac,
T07632.pdf,Jasminum sambac,Cultivation,KrishiKosh,/content/drive/MyDrive/Jasmine_Documents/Jasminum_sambac/T07632.pdf,TARGET_SPECIES,Jasminum sambac,
4002.pdf,Jasminum sambac,Cultivation,KrishiKosh,/content/drive/MyDrive/Jasmine_Documents/Jasminum_sambac/4002.pdf,TARGET_SPECIES,Jasminum sambac (L.) Aiton,"Jasminum sambac adoption study among Pune flower growers (MPKV Rahuri, 1998)."
D6132.pdf,Jasminum sambac,Cultivation,KrishiKosh,/content/drive/MyDrive/Jasmine_Documents/Jasminum_sambac/D6132.pdf,TARGET_SPECIES,Jasminum sambac,
"Yield Gap and Constraints in Jasmine Cultivation and Suggestions to Increase the Production in Tamil Nadu, India.pdf",Jasminum sambac,Economics,KrishiKosh,"/content/drive/MyDrive/Jasmine_Documents/Jasminum_sambac/Yield Gap and Constraints in Jasmine Cultivation and Suggestions to Increase the Production in Tamil Nadu, India.pdf",TARGET_SPECIES,Jasminum sambac,
Influence of different pruning months and pruning height on growth and flowering of gundumalli (Jasminum sambac. L.).pdf,Jasminum sambac,Pruning,KrishiKosh,/content/drive/MyDrive/Jasmine_Documents/Jasminum_sambac/Influence of different pruning months and pruning height on growth and flowering of gundumalli (Jasminum sambac. L.).pdf,TARGET_SPECIES,Jasminum sambac,
Integrated nutrient management studies in Jasminum sambac L..pdf,Jasminum sambac,Nutrition,KrishiKosh,/content/drive/MyDrive/Jasmine_Documents/Jasminum_sambac/Integrated nutrient management studies in Jasminum sambac L..pdf,TARGET_SPECIES,Jasminum sambac,
An Efficient Extraction Method for Fragrant Volatiles from Jasminum sambac (L.) Ait.pdf,Jasminum sambac,EssentialOil,KrishiKosh,/content/drive/MyDrive/Jasmine_Documents/Jasminum_sambac/An Efficient Extraction Method for Fragrant Volatiles from Jasminum sambac (L.) Ait.pdf,TARGET_SPECIES,Jasminum sambac,
Effect of pruning and Paclobutrazol application on physiological and flowering characters of jasmine (Jasminum sambac L.) during off season.pdf,Jasminum sambac,Pruning,KrishiKosh,/content/drive/MyDrive/Jasmine_Documents/Jasminum_sambac/Effect of pruning and Paclobutrazol application on physiological and flowering characters of jasmine (Jasminum sambac L.) during off season.pdf,TARGET_SPECIES,Jasminum sambac,
Packaging Technology for Export of Jasmine (Jasminum sambac Ait.) Flowers.pdf,Jasminum sambac,PostHarvest,KrishiKosh,/content/drive/MyDrive/Jasmine_Documents/Jasminum_sambac/Packaging Technology for Export of Jasmine (Jasminum sambac Ait.) Flowers.pdf,TARGET_SPECIES,Jasminum sambac,
Influence of time of pruning and plant growth retardants on growth and off season flower production in Jasminum sambac (L.).pdf,Jasminum sambac,Pruning,KrishiKosh,/content/drive/MyDrive/Jasmine_Documents/Jasminum_sambac/Influence of time of pruning and plant growth retardants on growth and off season flower production in Jasminum sambac (L.).pdf,TARGET_SPECIES,Jasminum sambac,
Influence of growth regulating chemicals on growth and flowering in Jasmine (Jasminum sambac.Ait.).pdf,Jasminum sambac,Cultivation,KrishiKosh,/content/drive/MyDrive/Jasmine_Documents/Jasminum_sambac/Influence of growth regulating chemicals on growth and flowering in Jasmine (Jasminum sambac.Ait.).pdf,TARGET_SPECIES,Jasminum sambac,
Integrated multi-omics analysis unravels the floral scent characteristics and regulation in “Hutou” multi-petal jasmine.pdf,Jasminum sambac,Cultivation,KrishiKosh,/content/drive/MyDrive/Jasmine_Documents/Jasminum_sambac/Integrated multi-omics analysis unravels the floral scent characteristics and regulation in “Hutou” multi-petal jasmine.pdf,TARGET_SPECIES,Jasminum sambac,
Economics of Jasmine (Jasminum sambac L.) Production Influenced By Split Application of Fertilizers.pdf,Jasminum sambac,Nutrition,KrishiKosh,/content/drive/MyDrive/Jasmine_Documents/Jasminum_sambac/Economics of Jasmine (Jasminum sambac L.) Production Influenced By Split Application of Fertilizers.pdf,TARGET_SPECIES,Jasminum sambac,
"Insecticidal activity of essential oil from Jasminum sambac (L.) Aiton against Callosobruchus maculatus (Fabricius, 1775) (Coleoptera Bruchidae).pdf",Jasminum sambac,EssentialOil,KrishiKosh,"/content/drive/MyDrive/Jasmine_Documents/Jasminum_sambac/Insecticidal activity of essential oil from Jasminum sambac (L.) Aiton against Callosobruchus maculatus (Fabricius, 1775) (Coleoptera Bruchidae).pdf",TARGET_SPECIES,Jasminum sambac,
Effect of physical and chemical interventions on flowering and quality parameters of jasmine (Jasminum sambac Ait.) cv. Ramanathapuram Gundumalli during off season.pdf,Jasminum sambac,Pruning,KrishiKosh,/content/drive/MyDrive/Jasmine_Documents/Jasminum_sambac/Effect of physical and chemical interventions on flowering and quality parameters of jasmine (Jasminum sambac Ait.) cv. Ramanathapuram Gundumalli during off season.pdf,TARGET_SPECIES,Jasminum sambac,
Review on Propagation Techniques of Jasmine (Jasminum sambac (L.)).pdf,Jasminum sambac,Cultivation,KrishiKosh,/content/drive/MyDrive/Jasmine_Documents/Jasminum_sambac/Review on Propagation Techniques of Jasmine (Jasminum sambac (L.)).pdf,TARGET_SPECIES,Jasminum sambac,
Identification of pre-fertilization reproductive barriers and the underlying cytological mechanism in crosses among three petal-types of Jasminum sambac and their relevance to phyl.pdf,Jasminum sambac,Cultivation,KrishiKosh,/content/drive/MyDrive/Jasmine_Documents/Jasminum_sambac/Identification of pre-fertilization reproductive barriers and the underlying cytological mechanism in crosses among three petal-types of Jasminum sambac and their relevance to phyl.pdf,TARGET_SPECIES,Jasminum sambac,
"Evaluation of Biorational Compounds for the Management of Insect and Mite Pests of Jasmine, Jasminum sambac (Linn.).pdf",Jasminum sambac,Pest,KrishiKosh,"/content/drive/MyDrive/Jasmine_Documents/Jasminum_sambac/Evaluation of Biorational Compounds for the Management of Insect and Mite Pests of Jasmine, Jasminum sambac (Linn.).pdf",TARGET_SPECIES,Jasminum sambac,
Potential volatiles emitted from jasmine plants infested by two spotted spider mite and its attraction to predatory Scirtothrips dorsalis.pdf,Jasminum sambac,Pest,KrishiKosh,/content/drive/MyDrive/Jasmine_Documents/Jasminum_sambac/Potential volatiles emitted from jasmine plants infested by two spotted spider mite and its attraction to predatory Scirtothrips dorsalis.pdf,TARGET_SPECIES,Jasminum sambac,
Effect of Different IBA concentration on survivability and rooting of Jasmine (Jasminum sambac (L.) Aiton) stem cuttings.pdf,Jasminum sambac,Cultivation,KrishiKosh,/content/drive/MyDrive/Jasmine_Documents/Jasminum_sambac/Effect of Different IBA concentration on survivability and rooting of Jasmine (Jasminum sambac (L.) Aiton) stem cuttings.pdf,TARGET_SPECIES,Jasminum sambac,
Effects of Time and Level of Pruning on the Growth and Flowering of Jasminum sambac (L.) Cv. Gundumalli.pdf,Jasminum sambac,Pruning,KrishiKosh,/content/drive/MyDrive/Jasmine_Documents/Jasminum_sambac/Effects of Time and Level of Pruning on the Growth and Flowering of Jasminum sambac (L.) Cv. Gundumalli.pdf,TARGET_SPECIES,Jasminum sambac,
Flowering in Mogra (Jasminum sambac) var. local influenced by time and severity of pruning.pdf,Jasminum sambac,Pruning,KrishiKosh,/content/drive/MyDrive/Jasmine_Documents/Jasminum_sambac/Flowering in Mogra (Jasminum sambac) var. local influenced by time and severity of pruning.pdf,TARGET_SPECIES,Jasminum sambac,
Standardization of Drip Irrigation Scheduling for Jasmine (Jasminum sambac Ait. cv. Ramanathapuram Gundumalli) using Theta Probe moisture meter.pdf,Jasminum sambac,Irrigation,KrishiKosh,/content/drive/MyDrive/Jasmine_Documents/Jasminum_sambac/Standardization of Drip Irrigation Scheduling for Jasmine (Jasminum sambac Ait. cv. Ramanathapuram Gundumalli) using Theta Probe moisture meter.pdf,TARGET_SPECIES,Jasminum sambac,
Influence of time and level of pruning on flowering yield in Jasminum sambac var. Baramasi under South Gujarat condition.pdf,Jasminum sambac,Pruning,KrishiKosh,/content/drive/MyDrive/Jasmine_Documents/Jasminum_sambac/Influence of time and level of pruning on flowering yield in Jasminum sambac var. Baramasi under South Gujarat condition.pdf,TARGET_SPECIES,Jasminum sambac,
"Effect of levels of fertigation and foliar spray of micronutrients on growth, flower quality and flower yield in G.I tagged Jasminum sambac cv. “Mysuru Mallige”.pdf",Jasminum sambac,Nutrition,KrishiKosh,"/content/drive/MyDrive/Jasmine_Documents/Jasminum_sambac/Effect of levels of fertigation and foliar spray of micronutrients on growth, flower quality and flower yield in G.I tagged Jasminum sambac cv. “Mysuru Mallige”.pdf",TARGET_SPECIES,Jasminum sambac,
Physiological characterization of Jasmine flower (Jasminum sambac) senescence during storage.pdf,Jasminum sambac,PostHarvest,KrishiKosh,/content/drive/MyDrive/Jasmine_Documents/Jasminum_sambac/Physiological characterization of Jasmine flower (Jasminum sambac) senescence during storage.pdf,TARGET_SPECIES,Jasminum sambac,
"Biological Study of Jasmine Bud Worm, Hendecasis duplifascialis Hampsn. (Pyraustidae Lepidoptera) from India.pdf",Jasminum sambac,Pest,KrishiKosh,"/content/drive/MyDrive/Jasmine_Documents/Jasminum_sambac/Biological Study of Jasmine Bud Worm, Hendecasis duplifascialis Hampsn. (Pyraustidae Lepidoptera) from India.pdf",TARGET_SPECIES,Jasminum sambac,
Effect of Post Harvest Chemical Treatment on the Post Harvest Life of Jasmine (Jasminum sambac L. Aiton) Flowers.pdf,Jasminum sambac,PostHarvest,KrishiKosh,/content/drive/MyDrive/Jasmine_Documents/Jasminum_sambac/Effect of Post Harvest Chemical Treatment on the Post Harvest Life of Jasmine (Jasminum sambac L. Aiton) Flowers.pdf,TARGET_SPECIES,Jasminum sambac,
Jawaharlal_2012_Packaging_technology_for_export_of_jasmine.pdf,Jasminum sambac,PostHarvest,KrishiKosh,/content/drive/MyDrive/Jasmine_Documents/Jasminum_sambac/Jawaharlal_2012_Packaging_technology_for_export_of_jasmine.pdf,TARGET_SPECIES,Jasminum sambac,
Choudhury_2019_Packaging_Technology_Gundumalli.pdf,Jasminum sambac,PostHarvest,KrishiKosh,/content/drive/MyDrive/Jasmine_Documents/Jasminum_sambac/Choudhury_2019_Packaging_Technology_Gundumalli.pdf,TARGET_SPECIES,Jasminum sambac,
Chitosan-based_biodegradable_packaging_2024.pdf,Jasminum sambac,PostHarvest,KrishiKosh,/content/drive/MyDrive/Jasmine_Documents/Jasminum_sambac/Chitosan-based_biodegradable_packaging_2024.pdf,TARGET_SPECIES,Jasminum sambac,
Mycelium_foam_packaging_J_sambac_2026.pdf,Jasminum sambac,PostHarvest,KrishiKosh,/content/drive/MyDrive/Jasmine_Documents/Jasminum_sambac/Mycelium_foam_packaging_J_sambac_2026.pdf,TARGET_SPECIES,Jasminum sambac,
Characterization of Volatile Compounds from the Concrete of Jasminum grandiflorum Flowers.pdf,Jasminum grandiflorum,EssentialOil,KrishiKosh,/content/drive/MyDrive/Jasmine_Documents/Jasminum_auriculatum/Characterization of Volatile Compounds from the Concrete of Jasminum grandiflorum Flowers.pdf,EXCLUDED_FROM_TARGET_SPECIES,Jasminum grandiflorum L.,Jasminum grandiflorum concrete volatile compound analysis. Excluded from target species.
Analysis of Volatile Compounds from the Concrete of Jasminum multiflorum Flowers.pdf,Jasminum multiflorum,EssentialOil,KrishiKosh,/content/drive/MyDrive/Jasmine_Documents/Jasminum_auriculatum/Analysis of Volatile Compounds from the Concrete of Jasminum multiflorum Flowers.pdf,EXCLUDED_FROM_TARGET_SPECIES,Jasminum multiflorum (Burm. f.) Andrews,Jasminum multiflorum concrete volatile analysis. Excluded from target species.
A Study on the Flower Cultivation and Marketing Behaviour in Tamil Nadu With Special Reference to Tiruchirappalli District.pdf,Jasminum auriculatum,Economics,KrishiKosh,/content/drive/MyDrive/Jasmine_Documents/Jasminum_auriculatum/A Study on the Flower Cultivation and Marketing Behaviour in Tamil Nadu With Special Reference to Tiruchirappalli District.pdf,TARGET_SPECIES,Jasminum auriculatum,
Floral Biology Studies in Certain Lesser Known Species of Jasmine (Jasminum spp.) Int.J.Curr.Microbiol.App.Sci.2017.6(8) 2811-2815.pdf,Jasminum auriculatum,Breeding,KrishiKosh,/content/drive/MyDrive/Jasmine_Documents/Jasminum_auriculatum/Floral Biology Studies in Certain Lesser Known Species of Jasmine (Jasminum spp.) Int.J.Curr.Microbiol.App.Sci.2017.6(8) 2811-2815.pdf,TARGET_SPECIES,Jasminum auriculatum,
Economic Analysis of Production and Marketing of Jasmine in Hyderabad-Karnataka Region A Case in Koppal District.pdf,Jasminum auriculatum,Economics,KrishiKosh,/content/drive/MyDrive/Jasmine_Documents/Jasminum_auriculatum/Economic Analysis of Production and Marketing of Jasmine in Hyderabad-Karnataka Region A Case in Koppal District.pdf,TARGET_SPECIES,Jasminum auriculatum,
"Comparative morphological, sensory and Gas Chromatography-Mass Spectrometry evaluation of three Jasminum auriculatum genotypes for floriculture and perfumery applications.pdf",Jasminum auriculatum,Breeding,KrishiKosh,"/content/drive/MyDrive/Jasmine_Documents/Jasminum_auriculatum/Comparative morphological, sensory and Gas Chromatography-Mass Spectrometry evaluation of three Jasminum auriculatum genotypes for floriculture and perfumery applications.pdf",TARGET_SPECIES,Jasminum auriculatum Vahl.,Genotype evaluation in Jasminum auriculatum for floriculture and perfumery.
Characterization of the Volatile Aroma Compounds from the Concrete and Jasmine Flowers Grown in India.pdf,Jasminum auriculatum,EssentialOil,KrishiKosh,/content/drive/MyDrive/Jasmine_Documents/Jasminum_auriculatum/Characterization of the Volatile Aroma Compounds from the Concrete and Jasmine Flowers Grown in India.pdf,TARGET_SPECIES,Jasminum auriculatum,
Genetic analysis in pink and white flower mutants of royal jasmine (Jasminum grandiflorum L.).pdf,Jasminum grandiflorum,Breeding,KrishiKosh,/content/drive/MyDrive/Jasmine_Documents/Jasminum_auriculatum/Genetic analysis in pink and white flower mutants of royal jasmine (Jasminum grandiflorum L.).pdf,EXCLUDED_FROM_TARGET_SPECIES,Jasminum grandiflorum L.,Jasminum grandiflorum study on flower mutants. Excluded from target species.
Influence of different pruning months on growth and flowering of Jasminum auriculatum.pdf,Jasminum auriculatum,Pruning,KrishiKosh,/content/drive/MyDrive/Jasmine_Documents/Jasminum_auriculatum/Influence of different pruning months on growth and flowering of Jasminum auriculatum.pdf,TARGET_SPECIES,Jasminum auriculatum,
"Assessment of Qualitative, Quantitative and Visual Flower Quality Parameters of Certain Commercial Jasmine Varieties during Peak Flowering Season.pdf",Jasminum auriculatum,Variety,KrishiKosh,"/content/drive/MyDrive/Jasmine_Documents/Jasminum_auriculatum/Assessment of Qualitative, Quantitative and Visual Flower Quality Parameters of Certain Commercial Jasmine Varieties during Peak Flowering Season.pdf",TARGET_SPECIES,Jasminum auriculatum,
Effect of different level and time of pruning on growth and flowering in Mogra (Jasminum sambac) var. Local.pdf,Jasminum auriculatum,Pruning,KrishiKosh,/content/drive/MyDrive/Jasmine_Documents/Jasminum_auriculatum/Effect of different level and time of pruning on growth and flowering in Mogra (Jasminum sambac) var. Local.pdf,TARGET_SPECIES,Jasminum auriculatum,
Response of Growth and Flowering Characters of Jasminum sambac (L.) to Modified Planting System and Pruning Schedule.pdf,Jasminum auriculatum,Pruning,KrishiKosh,/content/drive/MyDrive/Jasmine_Documents/Jasminum_auriculatum/Response of Growth and Flowering Characters of Jasminum sambac (L.) to Modified Planting System and Pruning Schedule.pdf,TARGET_SPECIES,Jasminum auriculatum,
Year around Flowering Strategy for Jasminum sambac L..pdf,Jasminum auriculatum,Pruning,KrishiKosh,/content/drive/MyDrive/Jasmine_Documents/Jasminum_auriculatum/Year around Flowering Strategy for Jasminum sambac L..pdf,TARGET_SPECIES,Jasminum auriculatum,
Phytochemical Profiling and Antioxidant Potential of Solvent Extracts from Leaves and Flowers of Jasminum multiflorum and Jasminum nitidum.pdf,Jasminum multiflorum / Jasminum nitidum,Cultivation,KrishiKosh,/content/drive/MyDrive/Jasmine_Documents/Jasminum_auriculatum/Phytochemical Profiling and Antioxidant Potential of Solvent Extracts from Leaves and Flowers of Jasminum multiflorum and Jasminum nitidum.pdf,EXCLUDED_FROM_TARGET_SPECIES,Jasminum multiflorum & Jasminum nitidum,Phytochemical profiling of non-target jasmine species. Excluded from target species.
Efficiency of gamma irradiation and ethyl methane sulphonate in inducing variations in Jasminum auriculatum Vahl..pdf,Jasminum auriculatum,Cultivation,KrishiKosh,/content/drive/MyDrive/Jasmine_Documents/Jasminum_auriculatum/Efficiency of gamma irradiation and ethyl methane sulphonate in inducing variations in Jasminum auriculatum Vahl..pdf,TARGET_SPECIES,Jasminum auriculatum,
Optimization of Chemical Mutagen Treatment Techniques and Determination of Absorption Dose in Jasminum auriculatum Ecotype “Muthu Mullai” for Inducing Variation.pdf,Jasminum auriculatum,Breeding,KrishiKosh,/content/drive/MyDrive/Jasmine_Documents/Jasminum_auriculatum/Optimization of Chemical Mutagen Treatment Techniques and Determination of Absorption Dose in Jasminum auriculatum Ecotype “Muthu Mullai” for Inducing Variation.pdf,TARGET_SPECIES,Jasminum auriculatum,
Analysis of Chromosome Morphology and Possible Means of Speciation in Jasminum.pdf,Jasminum auriculatum,Breeding,KrishiKosh,/content/drive/MyDrive/Jasmine_Documents/Jasminum_auriculatum/Analysis of Chromosome Morphology and Possible Means of Speciation in Jasminum.pdf,TARGET_SPECIES,Jasminum auriculatum,
Correlation Studies in open Pollinated Seedlings of Jasminum auriculatum Vahl.pdf,Jasminum auriculatum,Breeding,KrishiKosh,/content/drive/MyDrive/Jasmine_Documents/Jasminum_auriculatum/Correlation Studies in open Pollinated Seedlings of Jasminum auriculatum Vahl.pdf,TARGET_SPECIES,Jasminum auriculatum,
Pharmacognostical and Preliminary Phytochemical Screening of the Leaf Extract of Jasminum auriculatum Vahl.pdf,Jasminum auriculatum,Cultivation,KrishiKosh,/content/drive/MyDrive/Jasmine_Documents/Jasminum_auriculatum/Pharmacognostical and Preliminary Phytochemical Screening of the Leaf Extract of Jasminum auriculatum Vahl.pdf,TARGET_SPECIES,Jasminum auriculatum,
Yield Optimization and Supercritical CO2 Extraction of Essential Oil from Jasmine Flower.pdf,Jasminum auriculatum,EssentialOil,KrishiKosh,/content/drive/MyDrive/Jasmine_Documents/Jasminum_auriculatum/Yield Optimization and Supercritical CO2 Extraction of Essential Oil from Jasmine Flower.pdf,TARGET_SPECIES,Jasminum auriculatum,
Bio-efficacy of pesticides on major pests of Jasminum sambac cv. Mysuru Mallige.pdf,Jasminum auriculatum,Pest,KrishiKosh,/content/drive/MyDrive/Jasmine_Documents/Jasminum_auriculatum/Bio-efficacy of pesticides on major pests of Jasminum sambac cv. Mysuru Mallige.pdf,TARGET_SPECIES,Jasminum auriculatum,
Unravelling the floral phytochemical profiles in wild type and mutant lines of Jasminum auriculatum Vahl..pdf,Jasminum auriculatum,Cultivation,KrishiKosh,/content/drive/MyDrive/Jasmine_Documents/Jasminum_auriculatum/Unravelling the floral phytochemical profiles in wild type and mutant lines of Jasminum auriculatum Vahl..pdf,TARGET_SPECIES,Jasminum auriculatum,
Crop diversification for sustainable management of two spotted mite (Tetranychus urticae koch) of jasmine (Jasminum sambac L.).pdf,Jasminum auriculatum,Pest,KrishiKosh,/content/drive/MyDrive/Jasmine_Documents/Jasminum_auriculatum/Crop diversification for sustainable management of two spotted mite (Tetranychus urticae koch) of jasmine (Jasminum sambac L.).pdf,TARGET_SPECIES,Jasminum auriculatum,
Enhancing shelf life and freshness retention in jasmine flowers (Jasminum multiflorum L.) through Post-harvest chemical treatments.pdf,Jasminum multiflorum,PostHarvest,KrishiKosh,/content/drive/MyDrive/Jasmine_Documents/Jasminum_auriculatum/Enhancing shelf life and freshness retention in jasmine flowers (Jasminum multiflorum L.) through Post-harvest chemical treatments.pdf,EXCLUDED_FROM_TARGET_SPECIES,Jasminum multiflorum (Burm. f.) Andrews,Jasminum multiflorum postharvest chemical treatment study. Excluded from target species.
"Plant Description, Growth, and Flowering of Two Indonesian Jasmines.pdf",Jasminum auriculatum,Cultivation,KrishiKosh,"/content/drive/MyDrive/Jasmine_Documents/Jasminum_auriculatum/Plant Description, Growth, and Flowering of Two Indonesian Jasmines.pdf",TARGET_SPECIES,Jasminum auriculatum,
Sunny_2022_Pacha_Mullai_postharvest_treatments.pdf,Jasminum auriculatum,Cultivation,KrishiKosh,/content/drive/MyDrive/Jasmine_Documents/Jasminum_auriculatum/Sunny_2022_Pacha_Mullai_postharvest_treatments.pdf,TARGET_SPECIES,Jasminum auriculatum,
